[{"model": "admin.logentry", "pk": 1, "fields": {"action_time": "2024-05-30T15:00:44.507Z", "user": 1, "content_type": 8, "object_id": "33", "object_repr": "Click by 127.0.0.1 on 2024-05-29 14:59:40+00:00", "action_flag": 2, "change_message": "[{\"changed\": {\"fields\": [\"Click time\"]}}]"}}, {"model": "admin.logentry", "pk": 2, "fields": {"action_time": "2024-05-30T15:00:52.432Z", "user": 1, "content_type": 8, "object_id": "30", "object_repr": "Click by 127.0.0.1 on 2024-05-29 14:59:03+00:00", "action_flag": 2, "change_message": "[{\"changed\": {\"fields\": [\"Click time\"]}}]"}}, {"model": "admin.logentry", "pk": 3, "fields": {"action_time": "2024-05-30T15:00:59.289Z", "user": 1, "content_type": 8, "object_id": "23", "object_repr": "Click by 127.0.0.1 on 2024-05-29 14:57:34+00:00", "action_flag": 2, "change_message": "[{\"changed\": {\"fields\": [\"Click time\"]}}]"}}, {"model": "admin.logentry", "pk": 4, "fields": {"action_time": "2024-05-30T15:01:17.231Z", "user": 1, "content_type": 8, "object_id": "26", "object_repr": "Click by 127.0.0.1 on 2024-05-31 14:58:05+00:00", "action_flag": 2, "change_message": "[{\"changed\": {\"fields\": [\"Click time\"]}}]"}}, {"model": "auth.permission", "pk": 1, "fields": {"name": "Can add log entry", "content_type": 1, "codename": "add_logentry"}}, {"model": "auth.permission", "pk": 2, "fields": {"name": "Can change log entry", "content_type": 1, "codename": "change_logentry"}}, {"model": "auth.permission", "pk": 3, "fields": {"name": "Can delete log entry", "content_type": 1, "codename": "delete_logentry"}}, {"model": "auth.permission", "pk": 4, "fields": {"name": "Can view log entry", "content_type": 1, "codename": "view_logentry"}}, {"model": "auth.permission", "pk": 5, "fields": {"name": "Can add permission", "content_type": 2, "codename": "add_permission"}}, {"model": "auth.permission", "pk": 6, "fields": {"name": "Can change permission", "content_type": 2, "codename": "change_permission"}}, {"model": "auth.permission", "pk": 7, "fields": {"name": "Can delete permission", "content_type": 2, "codename": "delete_permission"}}, {"model": "auth.permission", "pk": 8, "fields": {"name": "Can view permission", "content_type": 2, "codename": "view_permission"}}, {"model": "auth.permission", "pk": 9, "fields": {"name": "Can add group", "content_type": 3, "codename": "add_group"}}, {"model": "auth.permission", "pk": 10, "fields": {"name": "Can change group", "content_type": 3, "codename": "change_group"}}, {"model": "auth.permission", "pk": 11, "fields": {"name": "Can delete group", "content_type": 3, "codename": "delete_group"}}, {"model": "auth.permission", "pk": 12, "fields": {"name": "Can view group", "content_type": 3, "codename": "view_group"}}, {"model": "auth.permission", "pk": 13, "fields": {"name": "Can add user", "content_type": 4, "codename": "add_user"}}, {"model": "auth.permission", "pk": 14, "fields": {"name": "Can change user", "content_type": 4, "codename": "change_user"}}, {"model": "auth.permission", "pk": 15, "fields": {"name": "Can delete user", "content_type": 4, "codename": "delete_user"}}, {"model": "auth.permission", "pk": 16, "fields": {"name": "Can view user", "content_type": 4, "codename": "view_user"}}, {"model": "auth.permission", "pk": 17, "fields": {"name": "Can add content type", "content_type": 5, "codename": "add_contenttype"}}, {"model": "auth.permission", "pk": 18, "fields": {"name": "Can change content type", "content_type": 5, "codename": "change_contenttype"}}, {"model": "auth.permission", "pk": 19, "fields": {"name": "Can delete content type", "content_type": 5, "codename": "delete_contenttype"}}, {"model": "auth.permission", "pk": 20, "fields": {"name": "Can view content type", "content_type": 5, "codename": "view_contenttype"}}, {"model": "auth.permission", "pk": 21, "fields": {"name": "Can add session", "content_type": 6, "codename": "add_session"}}, {"model": "auth.permission", "pk": 22, "fields": {"name": "Can change session", "content_type": 6, "codename": "change_session"}}, {"model": "auth.permission", "pk": 23, "fields": {"name": "Can delete session", "content_type": 6, "codename": "delete_session"}}, {"model": "auth.permission", "pk": 24, "fields": {"name": "Can view session", "content_type": 6, "codename": "view_session"}}, {"model": "auth.permission", "pk": 25, "fields": {"name": "Can add campaign", "content_type": 7, "codename": "add_campaign"}}, {"model": "auth.permission", "pk": 26, "fields": {"name": "Can change campaign", "content_type": 7, "codename": "change_campaign"}}, {"model": "auth.permission", "pk": 27, "fields": {"name": "Can delete campaign", "content_type": 7, "codename": "delete_campaign"}}, {"model": "auth.permission", "pk": 28, "fields": {"name": "Can view campaign", "content_type": 7, "codename": "view_campaign"}}, {"model": "auth.permission", "pk": 29, "fields": {"name": "Can add click", "content_type": 8, "codename": "add_click"}}, {"model": "auth.permission", "pk": 30, "fields": {"name": "Can change click", "content_type": 8, "codename": "change_click"}}, {"model": "auth.permission", "pk": 31, "fields": {"name": "Can delete click", "content_type": 8, "codename": "delete_click"}}, {"model": "auth.permission", "pk": 32, "fields": {"name": "Can view click", "content_type": 8, "codename": "view_click"}}, {"model": "auth.permission", "pk": 33, "fields": {"name": "Can add lead", "content_type": 9, "codename": "add_lead"}}, {"model": "auth.permission", "pk": 34, "fields": {"name": "Can change lead", "content_type": 9, "codename": "change_lead"}}, {"model": "auth.permission", "pk": 35, "fields": {"name": "Can delete lead", "content_type": 9, "codename": "delete_lead"}}, {"model": "auth.permission", "pk": 36, "fields": {"name": "Can view lead", "content_type": 9, "codename": "view_lead"}}, {"model": "auth.permission", "pk": 37, "fields": {"name": "Can add offer", "content_type": 10, "codename": "add_offer"}}, {"model": "auth.permission", "pk": 38, "fields": {"name": "Can change offer", "content_type": 10, "codename": "change_offer"}}, {"model": "auth.permission", "pk": 39, "fields": {"name": "Can delete offer", "content_type": 10, "codename": "delete_offer"}}, {"model": "auth.permission", "pk": 40, "fields": {"name": "Can view offer", "content_type": 10, "codename": "view_offer"}}, {"model": "auth.permission", "pk": 41, "fields": {"name": "Can add photo", "content_type": 11, "codename": "add_photo"}}, {"model": "auth.permission", "pk": 42, "fields": {"name": "Can change photo", "content_type": 11, "codename": "change_photo"}}, {"model": "auth.permission", "pk": 43, "fields": {"name": "Can delete photo", "content_type": 11, "codename": "delete_photo"}}, {"model": "auth.permission", "pk": 44, "fields": {"name": "Can view photo", "content_type": 11, "codename": "view_photo"}}, {"model": "auth.user", "pk": 1, "fields": {"password": "pbkdf2_sha256$720000$Qrzw2jzM8GfkcGNx4ZkSXI$peS8LEWXDB1w1J3wu7I2QWv3R7N97bE8XV0uGSFva5U=", "last_login": "2024-05-30T15:00:28.265Z", "is_superuser": true, "username": "admin", "first_name": "", "last_name": "", "email": "admin@i.ua", "is_staff": true, "is_active": true, "date_joined": "2024-05-30T14:32:56.453Z", "groups": [], "user_permissions": []}}, {"model": "contenttypes.contenttype", "pk": 1, "fields": {"app_label": "admin", "model": "logentry"}}, {"model": "contenttypes.contenttype", "pk": 2, "fields": {"app_label": "auth", "model": "permission"}}, {"model": "contenttypes.contenttype", "pk": 3, "fields": {"app_label": "auth", "model": "group"}}, {"model": "contenttypes.contenttype", "pk": 4, "fields": {"app_label": "auth", "model": "user"}}, {"model": "contenttypes.contenttype", "pk": 5, "fields": {"app_label": "contenttypes", "model": "contenttype"}}, {"model": "contenttypes.contenttype", "pk": 6, "fields": {"app_label": "sessions", "model": "session"}}, {"model": "contenttypes.contenttype", "pk": 7, "fields": {"app_label": "analytics", "model": "campaign"}}, {"model": "contenttypes.contenttype", "pk": 8, "fields": {"app_label": "analytics", "model": "click"}}, {"model": "contenttypes.contenttype", "pk": 9, "fields": {"app_label": "analytics", "model": "lead"}}, {"model": "contenttypes.contenttype", "pk": 10, "fields": {"app_label": "analytics", "model": "offer"}}, {"model": "contenttypes.contenttype", "pk": 11, "fields": {"app_label": "analytics", "model": "photo"}}, {"model": "sessions.session", "pk": "e7x6kaxo2wp5yke5otko2wp18ha4n14k", "fields": {"session_data": ".eJxVjDsOwyAQBe9CHSFYxMcp0-cMaFmW4CTCkrErK3ePLblI2pl5bxMR16XGtfMcxyyuQovLL0tIL26HyE9sj0nS1JZ5TPJI5Gm7vE-Z37ez_Tuo2Ou-xgDGDd5adEzGkeOirbFAZkeDA_bGBCjIoJXPCh1RDgUtgio2eSU-X8yTN5s:1sChGW:JCn_g3-vnYQ4LLgbkDM1sBRmh9GXd839Xkl4FnfiaNY", "expire_date": "2024-06-13T15:00:28.267Z"}}, {"model": "analytics.campaign", "pk": 1, "fields": {"name": "Apple", "description": "Apple devices", "start_date": "2024-05-30T00:00:00Z", "end_date": "2024-05-31T00:00:00Z", "budget": "2000.00", "created_at": "2024-05-30T14:34:03.181Z", "updated_at": "2024-05-30T14:34:03.181Z"}}, {"model": "analytics.campaign", "pk": 5, "fields": {"name": "Books", "description": "Books", "start_date": "2024-05-30T00:00:00Z", "end_date": "2024-06-08T00:00:00Z", "budget": "1000.00", "created_at": "2024-05-30T14:34:53.954Z", "updated_at": "2024-05-30T14:34:53.954Z"}}, {"model": "analytics.offer", "pk": 1, "fields": {"campaign": 1, "name": "Apple iPhone 15 256GB (Black)", "description": "The new iPhone 15 and iPhone 15 Plus have gotten even stronger. Dynamic Island remains on top of it all. The new 48MP camera. Ultra-high resolution photos. 2x Telephoto. Rugged design in colored glass and aluminum. iOS 17.", "url": "https://www.istore.ua/catalog/item/apple-iphone-15-256-gb-black/", "price": "1200.00", "created_at": "2024-05-30T14:42:48.141Z", "updated_at": "2024-05-30T14:42:48.141Z"}}, {"model": "analytics.offer", "pk": 2, "fields": {"campaign": 1, "name": "Apple iPhone 13 256Gb Green", "description": "Apple iPhone 13 is the 2021 generation of smartphones from Apple. A slim body made of fully recycled aluminum, complemented by unique colors that will delight the owner and complement his style. All the power and autonomy of the Apple iPhone 13 is revealed thanks to a new generation of processor - Apple A15 Bionic", "url": "https://comfy.ua/smartfon-apple-iphone-13-256gb-green.html#feedback", "price": "1100.00", "created_at": "2024-05-30T14:45:16.827Z", "updated_at": "2024-05-30T14:46:28.613Z"}}, {"model": "analytics.offer", "pk": 3, "fields": {"campaign": 1, "name": "Apple AirPods 3 with MagSafe Charging Case (MME73)", "description": "Apple AirPods 3 with MagSafe Charging Case (MME73)", "url": "https://jabko.ua/rus/apple-airpods/naushniki-apple-airpods/naushniki-apple-airpods-3-mme73", "price": "222.00", "created_at": "2024-05-30T14:48:59.249Z", "updated_at": "2024-05-30T14:48:59.249Z"}}, {"model": "analytics.offer", "pk": 4, "fields": {"campaign": 5, "name": "Head First. Python", "description": "The Python language is known all over the world today. It is used in Google's search engines, the video hosting service Youtube and the social network Reddit are almost entirely written in it, and Facebook and Instagram actively use it. The US National Security Agency uses it to analyze intelligence, and NASA solves the most complex scientific problems.", "url": "https://www.yakaboo.ua/ua/head-first-python.html", "price": "25.00", "created_at": "2024-05-30T14:52:13.381Z", "updated_at": "2024-05-30T14:52:13.381Z"}}, {"model": "analytics.offer", "pk": 5, "fields": {"campaign": 5, "name": "Book Deep Learning with Python", "description": "Printed in full color! Unlock the groundbreaking advances of deep learning with this extensively revised new edition of the bestselling original. Learn directly from the creator of Keras and master practical Python deep learning techniques that are easy to apply in the real world.", "url": "https://www.yakaboo.ua/ua/deep-learning-with-python.html", "price": "45.00", "created_at": "2024-05-30T14:54:54.975Z", "updated_at": "2024-05-30T14:54:54.975Z"}}, {"model": "analytics.photo", "pk": 1, "fields": {"offer": 1, "image": "offers/photos/image_1.png", "uploaded_at": "2024-05-30T14:42:48.152Z"}}, {"model": "analytics.photo", "pk": 2, "fields": {"offer": 1, "image": "offers/photos/image_2.png", "uploaded_at": "2024-05-30T14:42:48.155Z"}}, {"model": "analytics.photo", "pk": 3, "fields": {"offer": 1, "image": "offers/photos/image_3.png", "uploaded_at": "2024-05-30T14:42:48.157Z"}}, {"model": "analytics.photo", "pk": 4, "fields": {"offer": 2, "image": "offers/photos/image_4.png", "uploaded_at": "2024-05-30T14:45:16.836Z"}}, {"model": "analytics.photo", "pk": 5, "fields": {"offer": 3, "image": "offers/photos/image_6.png", "uploaded_at": "2024-05-30T14:48:59.259Z"}}, {"model": "analytics.photo", "pk": 6, "fields": {"offer": 3, "image": "offers/photos/image_5.png", "uploaded_at": "2024-05-30T14:48:59.261Z"}}, {"model": "analytics.photo", "pk": 7, "fields": {"offer": 4, "image": "offers/photos/book_1.jpg", "uploaded_at": "2024-05-30T14:52:13.391Z"}}, {"model": "analytics.photo", "pk": 8, "fields": {"offer": 5, "image": "offers/photos/book_2.jpg", "uploaded_at": "2024-05-30T14:54:54.985Z"}}, {"model": "analytics.click", "pk": 1, "fields": {"offer": 1, "user_ip": "127.0.0.1", "user_agent": "Mozilla/5.0 (X11; Linux x86_64) AppleWebKit/537.36 (KHTML, like Gecko) Chrome/125.0.0.0 Safari/537.36", "os": "Linux", "browser": "Chrome", "click_time": "2024-05-30T14:42:54.991Z", "landing_page_url": "https://www.istore.ua/catalog/item/apple-iphone-15-256-gb-black/", "created_at": "2024-05-30T14:42:54.992Z", "updated_at": "2024-05-30T14:42:54.992Z"}}, {"model": "analytics.click", "pk": 2, "fields": {"offer": 1, "user_ip": "127.0.0.1", "user_agent": "Mozilla/5.0 (X11; Linux x86_64) AppleWebKit/537.36 (KHTML, like Gecko) Chrome/125.0.0.0 Safari/537.36", "os": "Linux", "browser": "Chrome", "click_time": "2024-05-30T14:43:29.324Z", "landing_page_url": "https://www.istore.ua/catalog/item/apple-iphone-15-256-gb-black/", "created_at": "2024-05-30T14:43:29.325Z", "updated_at": "2024-05-30T14:43:29.325Z"}}, {"model": "analytics.click", "pk": 3, "fields": {"offer": 3, "user_ip": "127.0.0.1", "user_agent": "Mozilla/5.0 (X11; Linux x86_64) AppleWebKit/537.36 (KHTML, like Gecko) Chrome/125.0.0.0 Safari/537.36", "os": "Linux", "browser": "Chrome", "click_time": "2024-05-30T14:49:17.538Z", "landing_page_url": "https://jabko.ua/rus/apple-airpods/naushniki-apple-airpods/naushniki-apple-airpods-3-mme73", "created_at": "2024-05-30T14:49:17.538Z", "updated_at": "2024-05-30T14:49:17.538Z"}}, {"model": "analytics.click", "pk": 4, "fields": {"offer": 4, "user_ip": "127.0.0.1", "user_agent": "Mozilla/5.0 (X11; Linux x86_64) AppleWebKit/537.36 (KHTML, like Gecko) Chrome/125.0.0.0 Safari/537.36", "os": "Linux", "browser": "Chrome", "click_time": "2024-05-30T14:52:18.445Z", "landing_page_url": "https://www.yakaboo.ua/ua/head-first-python.html", "created_at": "2024-05-30T14:52:18.446Z", "updated_at": "2024-05-30T14:52:18.446Z"}}, {"model": "analytics.click", "pk": 5, "fields": {"offer": 5, "user_ip": "127.0.0.1", "user_agent": "Mozilla/5.0 (X11; Linux x86_64) AppleWebKit/537.36 (KHTML, like Gecko) Chrome/125.0.0.0 Safari/537.36", "os": "Linux", "browser": "Chrome", "click_time": "2024-05-30T14:55:03.456Z", "landing_page_url": "https://www.yakaboo.ua/ua/deep-learning-with-python.html", "created_at": "2024-05-30T14:55:03.456Z", "updated_at": "2024-05-30T14:55:03.456Z"}}, {"model": "analytics.click", "pk": 6, "fields": {"offer": 1, "user_ip": "127.0.0.1", "user_agent": "Mozilla/5.0 (X11; Linux x86_64) AppleWebKit/537.36 (KHTML, like Gecko) Chrome/125.0.0.0 Safari/537.36", "os": "Linux", "browser": "Chrome", "click_time": "2024-05-30T14:55:07.716Z", "landing_page_url": "https://www.istore.ua/catalog/item/apple-iphone-15-256-gb-black/", "created_at": "2024-05-30T14:55:07.717Z", "updated_at": "2024-05-30T14:55:07.717Z"}}, {"model": "analytics.click", "pk": 7, "fields": {"offer": 2, "user_ip": "127.0.0.1", "user_agent": "Mozilla/5.0 (X11; Linux x86_64) AppleWebKit/537.36 (KHTML, like Gecko) Chrome/125.0.0.0 Safari/537.36", "os": "Linux", "browser": "Chrome", "click_time": "2024-05-30T14:55:27.217Z", "landing_page_url": "https://comfy.ua/smartfon-apple-iphone-13-256gb-green.html#feedback", "created_at": "2024-05-30T14:55:27.217Z", "updated_at": "2024-05-30T14:55:27.217Z"}}, {"model": "analytics.click", "pk": 8, "fields": {"offer": 1, "user_ip": "127.0.0.1", "user_agent": "Mozilla/5.0 (X11; Linux x86_64) AppleWebKit/537.36 (KHTML, like Gecko) Chrome/125.0.0.0 Safari/537.36", "os": "Linux", "browser": "Chrome", "click_time": "2024-05-30T14:55:29.096Z", "landing_page_url": "https://www.istore.ua/catalog/item/apple-iphone-15-256-gb-black/", "created_at": "2024-05-30T14:55:29.096Z", "updated_at": "2024-05-30T14:55:29.096Z"}}, {"model": "analytics.click", "pk": 9, "fields": {"offer": 1, "user_ip": "127.0.0.1", "user_agent": "Mozilla/5.0 (iPhone; CPU iPhone OS 16_6 like Mac OS X) AppleWebKit/605.1.15 (KHTML, like Gecko) Version/16.6 Mobile/15E148 Safari/604.1", "os": "iOS", "browser": "Mobile Safari", "click_time": "2024-05-30T14:55:34.021Z", "landing_page_url": "https://www.istore.ua/catalog/item/apple-iphone-15-256-gb-black/", "created_at": "2024-05-30T14:55:34.021Z", "updated_at": "2024-05-30T14:55:34.021Z"}}, {"model": "analytics.click", "pk": 10, "fields": {"offer": 2, "user_ip": "127.0.0.1", "user_agent": "Mozilla/5.0 (iPhone; CPU iPhone OS 16_6 like Mac OS X) AppleWebKit/605.1.15 (KHTML, like Gecko) Version/16.6 Mobile/15E148 Safari/604.1", "os": "iOS", "browser": "Mobile Safari", "click_time": "2024-05-30T14:55:36.128Z", "landing_page_url": "https://comfy.ua/smartfon-apple-iphone-13-256gb-green.html#feedback", "created_at": "2024-05-30T14:55:36.128Z", "updated_at": "2024-05-30T14:55:36.128Z"}}, {"model": "analytics.click", "pk": 11, "fields": {"offer": 3, "user_ip": "127.0.0.1", "user_agent": "Mozilla/5.0 (iPhone; CPU iPhone OS 16_6 like Mac OS X) AppleWebKit/605.1.15 (KHTML, like Gecko) Version/16.6 Mobile/15E148 Safari/604.1", "os": "iOS", "browser": "Mobile Safari", "click_time": "2024-05-30T14:55:38.369Z", "landing_page_url": "https://jabko.ua/rus/apple-airpods/naushniki-apple-airpods/naushniki-apple-airpods-3-mme73", "created_at": "2024-05-30T14:55:38.369Z", "updated_at": "2024-05-30T14:55:38.369Z"}}, {"model": "analytics.click", "pk": 12, "fields": {"offer": 4, "user_ip": "127.0.0.1", "user_agent": "Mozilla/5.0 (iPhone; CPU iPhone OS 16_6 like Mac OS X) AppleWebKit/605.1.15 (KHTML, like Gecko) Version/16.6 Mobile/15E148 Safari/604.1", "os": "iOS", "browser": "Mobile Safari", "click_time": "2024-05-30T14:55:40.930Z", "landing_page_url": "https://www.yakaboo.ua/ua/head-first-python.html", "created_at": "2024-05-30T14:55:40.931Z", "updated_at": "2024-05-30T14:55:40.931Z"}}, {"model": "analytics.click", "pk": 13, "fields": {"offer": 3, "user_ip": "127.0.0.1", "user_agent": "Mozilla/5.0 (iPhone; CPU iPhone OS 16_6 like Mac OS X) AppleWebKit/605.1.15 (KHTML, like Gecko) Version/16.6 Mobile/15E148 Safari/604.1", "os": "iOS", "browser": "Mobile Safari", "click_time": "2024-05-30T14:55:43.070Z", "landing_page_url": "https://jabko.ua/rus/apple-airpods/naushniki-apple-airpods/naushniki-apple-airpods-3-mme73", "created_at": "2024-05-30T14:55:43.071Z", "updated_at": "2024-05-30T14:55:43.071Z"}}, {"model": "analytics.click", "pk": 14, "fields": {"offer": 2, "user_ip": "127.0.0.1", "user_agent": "Mozilla/5.0 (iPhone; CPU iPhone OS 16_6 like Mac OS X) AppleWebKit/605.1.15 (KHTML, like Gecko) Version/16.6 Mobile/15E148 Safari/604.1", "os": "iOS", "browser": "Mobile Safari", "click_time": "2024-05-30T14:55:44.953Z", "landing_page_url": "https://comfy.ua/smartfon-apple-iphone-13-256gb-green.html#feedback", "created_at": "2024-05-30T14:55:44.954Z", "updated_at": "2024-05-30T14:55:44.954Z"}}, {"model": "analytics.click", "pk": 15, "fields": {"offer": 1, "user_ip": "127.0.0.1", "user_agent": "Mozilla/5.0 (iPhone; CPU iPhone OS 16_6 like Mac OS X) AppleWebKit/605.1.15 (KHTML, like Gecko) Version/16.6 Mobile/15E148 Safari/604.1", "os": "iOS", "browser": "Mobile Safari", "click_time": "2024-05-30T14:55:47.023Z", "landing_page_url": "https://www.istore.ua/catalog/item/apple-iphone-15-256-gb-black/", "created_at": "2024-05-30T14:55:47.023Z", "updated_at": "2024-05-30T14:55:47.023Z"}}, {"model": "analytics.click", "pk": 16, "fields": {"offer": 2, "user_ip": "127.0.0.1", "user_agent": "Mozilla/5.0 (iPhone; CPU iPhone OS 16_6 like Mac OS X) AppleWebKit/605.1.15 (KHTML, like Gecko) Version/16.6 Mobile/15E148 Safari/604.1", "os": "iOS", "browser": "Mobile Safari", "click_time": "2024-05-30T14:55:49.019Z", "landing_page_url": "https://comfy.ua/smartfon-apple-iphone-13-256gb-green.html#feedback", "created_at": "2024-05-30T14:55:49.019Z", "updated_at": "2024-05-30T14:55:49.019Z"}}, {"model": "analytics.click", "pk": 17, "fields": {"offer": 3, "user_ip": "127.0.0.1", "user_agent": "Mozilla/5.0 (iPhone; CPU iPhone OS 16_6 like Mac OS X) AppleWebKit/605.1.15 (KHTML, like Gecko) Version/16.6 Mobile/15E148 Safari/604.1", "os": "iOS", "browser": "Mobile Safari", "click_time": "2024-05-30T14:55:51.445Z", "landing_page_url": "https://jabko.ua/rus/apple-airpods/naushniki-apple-airpods/naushniki-apple-airpods-3-mme73", "created_at": "2024-05-30T14:55:51.446Z", "updated_at": "2024-05-30T14:55:51.446Z"}}, {"model": "analytics.click", "pk": 18, "fields": {"offer": 1, "user_ip": "127.0.0.1", "user_agent": "Mozilla/5.0 (iPhone; CPU iPhone OS 16_6 like Mac OS X) AppleWebKit/605.1.15 (KHTML, like Gecko) Version/16.6 Mobile/15E148 Safari/604.1", "os": "iOS", "browser": "Mobile Safari", "click_time": "2024-05-30T14:55:53.761Z", "landing_page_url": "https://www.istore.ua/catalog/item/apple-iphone-15-256-gb-black/", "created_at": "2024-05-30T14:55:53.761Z", "updated_at": "2024-05-30T14:55:53.761Z"}}, {"model": "analytics.click", "pk": 19, "fields": {"offer": 4, "user_ip": "127.0.0.1", "user_agent": "Mozilla/5.0 (iPhone; CPU iPhone OS 16_6 like Mac OS X) AppleWebKit/605.1.15 (KHTML, like Gecko) Version/16.6 Mobile/15E148 Safari/604.1", "os": "iOS", "browser": "Mobile Safari", "click_time": "2024-05-30T14:55:57.678Z", "landing_page_url": "https://www.yakaboo.ua/ua/head-first-python.html", "created_at": "2024-05-30T14:55:57.679Z", "updated_at": "2024-05-30T14:55:57.679Z"}}, {"model": "analytics.click", "pk": 20, "fields": {"offer": 1, "user_ip": "127.0.0.1", "user_agent": "Mozilla/5.0 (iPhone; CPU iPhone OS 16_6 like Mac OS X) AppleWebKit/605.1.15 (KHTML, like Gecko) Version/16.6 Mobile/15E148 Safari/604.1", "os": "iOS", "browser": "Mobile Safari", "click_time": "2024-05-30T14:55:59.817Z", "landing_page_url": "https://www.istore.ua/catalog/item/apple-iphone-15-256-gb-black/", "created_at": "2024-05-30T14:55:59.818Z", "updated_at": "2024-05-30T14:55:59.818Z"}}, {"model": "analytics.click", "pk": 21, "fields": {"offer": 1, "user_ip": "127.0.0.1", "user_agent": "Mozilla/5.0 (iPhone; CPU iPhone OS 16_6 like Mac OS X) AppleWebKit/605.1.15 (KHTML, like Gecko) Version/16.6 Mobile/15E148 Safari/604.1", "os": "iOS", "browser": "Mobile Safari", "click_time": "2024-05-30T14:56:04.623Z", "landing_page_url": "https://www.istore.ua/catalog/item/apple-iphone-15-256-gb-black/", "created_at": "2024-05-30T14:56:04.623Z", "updated_at": "2024-05-30T14:56:04.623Z"}}, {"model": "analytics.click", "pk": 22, "fields": {"offer": 1, "user_ip": "127.0.0.1", "user_agent": "Mozilla/5.0 (X11; Linux x86_64) AppleWebKit/537.36 (KHTML, like Gecko) Chrome/125.0.0.0 Safari/537.36", "os": "Linux", "browser": "Chrome", "click_time": "2024-05-30T14:56:21.039Z", "landing_page_url": "https://www.istore.ua/catalog/item/apple-iphone-15-256-gb-black/", "created_at": "2024-05-30T14:56:21.039Z", "updated_at": "2024-05-30T14:56:21.039Z"}}, {"model": "analytics.click", "pk": 23, "fields": {"offer": 1, "user_ip": "127.0.0.1", "user_agent": "Mozilla/5.0 (X11; Linux x86_64) AppleWebKit/537.36 (KHTML, like Gecko) Chrome/125.0.0.0 Safari/537.36", "os": "Linux", "browser": "Chrome", "click_time": "2024-05-29T14:57:34Z", "landing_page_url": "https://www.istore.ua/catalog/item/apple-iphone-15-256-gb-black/", "created_at": "2024-05-30T14:57:34.521Z", "updated_at": "2024-05-30T15:00:59.288Z"}}, {"model": "analytics.click", "pk": 24, "fields": {"offer": 1, "user_ip": "127.0.0.1", "user_agent": "Mozilla/5.0 (X11; Linux x86_64) AppleWebKit/537.36 (KHTML, like Gecko) Chrome/125.0.0.0 Safari/537.36", "os": "Linux", "browser": "Chrome", "click_time": "2024-05-30T14:57:40.046Z", "landing_page_url": "https://www.istore.ua/catalog/item/apple-iphone-15-256-gb-black/", "created_at": "2024-05-30T14:57:40.046Z", "updated_at": "2024-05-30T14:57:40.046Z"}}, {"model": "analytics.click", "pk": 25, "fields": {"offer": 1, "user_ip": "127.0.0.1", "user_agent": "Mozilla/5.0 (X11; Linux x86_64) AppleWebKit/537.36 (KHTML, like Gecko) Chrome/125.0.0.0 Safari/537.36", "os": "Linux", "browser": "Chrome", "click_time": "2024-05-30T14:58:02.315Z", "landing_page_url": "https://www.istore.ua/catalog/item/apple-iphone-15-256-gb-black/", "created_at": "2024-05-30T14:58:02.315Z", "updated_at": "2024-05-30T14:58:02.315Z"}}, {"model": "analytics.click", "pk": 26, "fields": {"offer": 2, "user_ip": "127.0.0.1", "user_agent": "Mozilla/5.0 (X11; Linux x86_64) AppleWebKit/537.36 (KHTML, like Gecko) Chrome/125.0.0.0 Safari/537.36", "os": "Linux", "browser": "Chrome", "click_time": "2024-05-31T14:58:05Z", "landing_page_url": "https://comfy.ua/smartfon-apple-iphone-13-256gb-green.html#feedback", "created_at": "2024-05-30T14:58:05.735Z", "updated_at": "2024-05-30T15:01:17.229Z"}}, {"model": "analytics.click", "pk": 27, "fields": {"offer": 2, "user_ip": "127.0.0.1", "user_agent": "Mozilla/5.0 (X11; Linux x86_64) AppleWebKit/537.36 (KHTML, like Gecko) Chrome/125.0.0.0 Safari/537.36", "os": "Linux", "browser": "Chrome", "click_time": "2024-05-30T14:58:24.499Z", "landing_page_url": "https://comfy.ua/smartfon-apple-iphone-13-256gb-green.html#feedback", "created_at": "2024-05-30T14:58:24.499Z", "updated_at": "2024-05-30T14:58:24.499Z"}}, {"model": "analytics.click", "pk": 28, "fields": {"offer": 3, "user_ip": "127.0.0.1", "user_agent": "Mozilla/5.0 (X11; Linux x86_64) AppleWebKit/537.36 (KHTML, like Gecko) Chrome/125.0.0.0 Safari/537.36", "os": "Linux", "browser": "Chrome", "click_time": "2024-05-30T14:58:28.303Z", "landing_page_url": "https://jabko.ua/rus/apple-airpods/naushniki-apple-airpods/naushniki-apple-airpods-3-mme73", "created_at": "2024-05-30T14:58:28.303Z", "updated_at": "2024-05-30T14:58:28.303Z"}}, {"model": "analytics.click", "pk": 29, "fields": {"offer": 3, "user_ip": "127.0.0.1", "user_agent": "Mozilla/5.0 (X11; Linux x86_64) AppleWebKit/537.36 (KHTML, like Gecko) Chrome/125.0.0.0 Safari/537.36", "os": "Linux", "browser": "Chrome", "click_time": "2024-05-30T14:58:52.261Z", "landing_page_url": "https://jabko.ua/rus/apple-airpods/naushniki-apple-airpods/naushniki-apple-airpods-3-mme73", "created_at": "2024-05-30T14:58:52.261Z", "updated_at": "2024-05-30T14:58:52.261Z"}}, {"model": "analytics.click", "pk": 30, "fields": {"offer": 2, "user_ip": "127.0.0.1", "user_agent": "Mozilla/5.0 (X11; Linux x86_64) AppleWebKit/537.36 (KHTML, like Gecko) Chrome/125.0.0.0 Safari/537.36", "os": "Linux", "browser": "Chrome", "click_time": "2024-05-29T14:59:03Z", "landing_page_url": "https://comfy.ua/smartfon-apple-iphone-13-256gb-green.html#feedback", "created_at": "2024-05-30T14:59:03.479Z", "updated_at": "2024-05-30T15:00:52.432Z"}}, {"model": "analytics.click", "pk": 31, "fields": {"offer": 2, "user_ip": "127.0.0.1", "user_agent": "Mozilla/5.0 (X11; Linux x86_64) AppleWebKit/537.36 (KHTML, like Gecko) Chrome/125.0.0.0 Safari/537.36", "os": "Linux", "browser": "Chrome", "click_time": "2024-05-30T14:59:20.979Z", "landing_page_url": "https://comfy.ua/smartfon-apple-iphone-13-256gb-green.html#feedback", "created_at": "2024-05-30T14:59:20.979Z", "updated_at": "2024-05-30T14:59:20.979Z"}}, {"model": "analytics.click", "pk": 32, "fields": {"offer": 4, "user_ip": "127.0.0.1", "user_agent": "Mozilla/5.0 (X11; Linux x86_64) AppleWebKit/537.36 (KHTML, like Gecko) Chrome/125.0.0.0 Safari/537.36", "os": "Linux", "browser": "Chrome", "click_time": "2024-05-30T14:59:25.223Z", "landing_page_url": "https://www.yakaboo.ua/ua/head-first-python.html", "created_at": "2024-05-30T14:59:25.223Z", "updated_at": "2024-05-30T14:59:25.223Z"}}, {"model": "analytics.click", "pk": 33, "fields": {"offer": 4, "user_ip": "127.0.0.1", "user_agent": "Mozilla/5.0 (X11; Linux x86_64) AppleWebKit/537.36 (KHTML, like Gecko) Chrome/125.0.0.0 Safari/537.36", "os": "Linux", "browser": "Chrome", "click_time": "2024-05-29T14:59:40Z", "landing_page_url": "https://www.yakaboo.ua/ua/head-first-python.html", "created_at": "2024-05-30T14:59:40.908Z", "updated_at": "2024-05-30T15:00:44.505Z"}}, {"model": "analytics.click", "pk": 34, "fields": {"offer": 5, "user_ip": "127.0.0.1", "user_agent": "Mozilla/5.0 (X11; Linux x86_64) AppleWebKit/537.36 (KHTML, like Gecko) Chrome/125.0.0.0 Safari/537.36", "os": "Linux", "browser": "Chrome", "click_time": "2024-05-30T15:01:38.406Z", "landing_page_url": "https://www.yakaboo.ua/ua/deep-learning-with-python.html", "created_at": "2024-05-30T15:01:38.406Z", "updated_at": "2024-05-30T15:01:38.406Z"}}, {"model": "analytics.lead", "pk": 1, "fields": {"click": 23, "lead_time": "2024-05-30T14:57:34.534Z", "created_at": "2024-05-30T14:57:34.534Z", "updated_at": "2024-05-30T14:57:34.534Z", "full_name": "John Smith", "email": "john.smith@example.com", "phone": "+1 (555) 123-4567", "notes": ""}}, {"model": "analytics.lead", "pk": 2, "fields": {"click": 25, "lead_time": "2024-05-30T14:58:02.327Z", "created_at": "2024-05-30T14:58:02.327Z", "updated_at": "2024-05-30T14:58:02.327Z", "full_name": "Emily Johnson", "email": "emily.johnson@example.com", "phone": "+1 (555) 234-5678", "notes": ""}}, {"model": "analytics.lead", "pk": 3, "fields": {"click": 27, "lead_time": "2024-05-30T14:58:24.511Z", "created_at": "2024-05-30T14:58:24.511Z", "updated_at": "2024-05-30T14:58:24.511Z", "full_name": "Michael Brown", "email": "michael.brown@example.com", "phone": "+1 (555) 345-6789", "notes": ""}}, {"model": "analytics.lead", "pk": 4, "fields": {"click": 29, "lead_time": "2024-05-30T14:58:52.274Z", "created_at": "2024-05-30T14:58:52.274Z", "updated_at": "2024-05-30T14:58:52.274Z", "full_name": "Sarah Davis", "email": "sarah.davis@example.com", "phone": "+1 (555) 456-7890", "notes": ""}}, {"model": "analytics.lead", "pk": 5, "fields": {"click": 31, "lead_time": "2024-05-30T14:59:20.991Z", "created_at": "2024-05-30T14:59:20.991Z", "updated_at": "2024-05-30T14:59:20.991Z", "full_name": "David Wilson", "email": "david.wilson@example.com", "phone": "+1 (555) 567-8901", "notes": ""}}, {"model": "analytics.lead", "pk": 6, "fields": {"click": 33, "lead_time": "2024-05-30T14:59:40.919Z", "created_at": "2024-05-30T14:59:40.919Z", "updated_at": "2024-05-30T14:59:40.919Z", "full_name": "Michael Brown", "email": "michael.brown@example.com", "phone": "+1 (555) 345-6789", "notes": ""}}]